id,spharm1,spharm2,spharm3,spharm4,spharm5,spharm6,spharm7,spharm8,
1,-3.164135918705866E8,-242647.26112422068,120228.86522188243,441092.93842605286,2.106433302094846E7,-7509872.094907303,245855.62114164056,-1165122.4041963895,
2,504042.25526782736,130191.69001653121,7397.163621748741,-996533.0112061393,7960039.012270978,-7135.647780019441,-4512.06476176321,251990.1033916651,
3,8617385.965962738,9.448147292907994E8,6.034198892208017E7,7577745.783012976,5.658519578709725E8,-4.041555036424201E7,2481174.260815159,-9088832.556700308,
4,1169186.6446490963,-2221.119841834856,70300.26473470844,-39606.755635387584,5.55571826783987E8,2989.9712091306337,127549.10242781989,196602.0038053583,
5,-3.091022615416846E7,4357.671827763745,7638.707952438856,-11674.52639239728,-2.5423555153416354E7,-2797.960067138199,4725.279961741538,-17796.760006970875,
6,-106167.3870478741,-2099.820147819071,-22700.439419343482,35147.77093834041,2.716964148921118E8,2430.513033949919,5927.43823967304,161367.05516135256,
7,-7.539708244936538E7,9050.848288345893,-75974.68554018033,-2440.8543592175074,2.6671160216522804E8,-53656.43953207116,-130012.81217210954,655713.1287300588,
8,-9.073804017282332E7,-1.6747456679498386E7,4020.275701019562,-186178.33881263336,-6.480922976753482E8,1.3366888477274336E7,-81405.26261491513,1.9845737404922564E7,
9,-7.363750940719695E7,-3482661.9635267346,-1.919665822269464E9,-1.2380215153324346E8,2.3104063634033155E8,-97712.98300629508,2.394449684838988E7,-6.139526853056007E7,
10,6.113008149203851E7,25014.557288726843,-19024.378470119755,758990.114893167,1.8200775197007306E7,321731.33501195506,-179603.97006631375,-36231.45989007676,
11,8.394245213663447E7,-263789.2696461126,3108.586643347889,780845.897798651,-2.256884615938344E9,6495620.428299934,-30101.650827218302,4001009.2175001004,
12,-9.369189937752391E7,-1272350.8288284275,-1272461.5829686385,-758793.1444036968,-5120424.731460427,1834823.081325808,5212804.7456903,6213237.880373512,
13,1.6604052594171649E7,-429593.0894609948,-4270.6508290345855,-204171.97007938472,-1.811895988186752E8,-14051.795970116185,5931.516799028992,-1615134.1429929002,
14,-1.7555034760145143E8,-25261.144531847163,220617.17107106457,-700229.5792530983,1.8991752975828433E9,-753836.9768588169,-164274.14280218078,-131641.87790056973,
15,-2.495827112342205E7,48146.35573268113,794.6289190499506,-374171.6421956406,7.09035605013261E8,-238617.87817414122,9373.027179332415,-1675462.616901217,
16,-7.404653148888394E7,-1.2128570485120922E8,-545540.4275379268,-1.9644758701154795E7,1.481735312630976E8,-5.760315143405044E7,3.6019835559419304E7,9.868039327954502E7,
17,-2.3394614717025504E9,3221634.032166805,-308427.7710330976,-2607117.8045497034,4.1146195004387125E7,897292.9271961215,167645.42256581018,-2617274.8522221674,
18,-1.821328625445997E7,-69293.36017707449,137201.51810146568,71574.88491985746,1.5855398872074768E8,2236.5847399455756,26338.23973791007,1379.8474792215197,
19,-7.92176015579326E7,12537.724564758082,46423.780268550094,-27955.635523799356,4.1955013302076286E8,-167578.3035416013,190839.36015957076,-61667.793415803324,
20,-4.068419975106906E8,-6213.687108742308,725070.0329329749,-107115.58871171452,2.043525739191676E9,1821801.3744910988,3770.178389177093,398453.8037409321,
21,1552633.4813362907,1.2317572737208059E7,141157.47361791582,-509121.44287717144,-6.538757562013765E7,889993.5091335219,1891.4021550318716,-1173593.2814163475,
22,-3728147.461485997,-2.149449368814293E7,7130.148986905073,-472344.20529525226,-7466683.698305756,854601.0416139765,8330.596267598212,2216074.247021927,
23,2.6299219788510438E7,-7439.568951718738,-25515.92638442229,1094854.025113652,-1577752.6973284802,4908.7725206562445,-926562.6930421664,2316509.197487121,
24,-1.8149875369978048E7,-2670.687447840609,-3289.9357953765543,8826.733675339314,1.435868639077918E8,-5335.017756772724,49902.42422758117,360143.00809128216,
25,-590236.2047164083,3905.927252816984,-25795.747986858674,-108927.36104506873,-3638353.1252426384,-1362.451671091187,333321.85328171926,150386.7993012512,
26,-1051829.5744491823,1383.7129964365017,1150.6233418737131,-49801.060595250776,1.0114023167496309E7,-2597.2706947132097,-52097.20009808413,91127.05090755658,
27,-4.365764608813909E7,0.0,276230.25363503647,-1201212.5949608157,-1.4513874553300565E8,-2.8596564029038437E7,2035769.0391257785,5.272799852664063E7,
28,4.350918135690675E7,-243200.33636477153,-5909.465969296419,-112046.39054873533,-6.29911069537732E8,128868.26045839937,-388066.33473073534,1749445.1304595051,
29,1.8430082364177927E8,-698619.6755533707,-687179.996307796,-685766.0912761481,-5.666917224294173E8,-3.2698336318473417E7,1044726.7944846202,2.653081749001313E7,
30,-742125.1487256227,-1974581.0244601679,4.6664585750861384E7,-3.824519718361848E7,1.1992225807798069E7,-6282.371775022589,1.9719285273373803E8,1.6057445980081785E9,
31,-1844571.2987144361,3885.817898874411,-49317.75818018673,-183199.5281186902,-1183504.8675333979,1447.1171904387393,-22983.83867673625,299166.63749326655,
32,-1388734.229021172,2301.624861989921,-8157.202655836141,-171972.534878712,-271849.7600063435,-977.2786063213418,-8438.561366604292,311415.2788552112,
33,2119.7496955011156,-256.9279883451693,-6448.416808987429,-99769.1858780889,-280702.2242489603,-910.1827735905814,12551.742024827061,16594.504791133986,
34,4.903408164316002E8,19360.496682121768,-1.569452202819351E7,5182710.28519884,1.3020816543199283E8,-8.935888592039125E8,777607.5273956788,-3652466.265400662,
35,-3.5467855444411033E8,8.551737395556965E7,-3.0089137442923594E7,-8.587249590186507E7,-1.8847257010225372E9,-6.013877312868497E7,6.107561722852517E8,2.618874371113279E9,
36,-3.962713739273564E7,2366.8939100129346,-9415.2891126824,-402457.54659225553,2.806428491093704E8,3.285182126561884E7,-396519.7182919724,-1014298.8095695744,
37,1465162.4510925654,2.3520117480525143E7,19805.539416605818,-1957006.8243839936,3.4384305510510415E8,67568.42969286803,-28114.963971456178,-593733.4943145497,
38,1130784.521154812,110456.92722628225,-7.538425886501243E8,1.6186152302516643E7,2.1300542492413762E8,-5.710037007235738E7,6.868397119087408E7,1.3733981647474463E9,
39,2.3666448932601634E7,170346.26489015028,-5475.672961588652,-159194.22489976915,6559882.703621753,-352262.4985056443,-4238.576299072269,4.0300632875260144E7,
40,-3857262.6148977126,-1412.9992002751649,16507.14035816486,7539.005029600582,-1319433.4481330952,-702.7159964104302,1440.0557177524488,-49923.00609766428,
41,6993553.747439742,384352.7052303965,-192.9573148283244,-52669.20992497195,-7.470095482515936E7,346.06001194163093,1971.577895590485,46721.80486114827,
42,1.729087092092012E8,-39437.74565049048,-3907.3739475158536,505242.10993020673,5.350924598379351E8,3267586.002944433,-27794.59070906714,3593490.9697985593,
43,-4.259879923413364E7,-1641556.8697081576,188165.31837817768,-1199485.8233626448,-1.3507434899150442E7,15166.137326435299,-83974.67647571182,54850.982757237995,
44,2.7045459705893636E7,-4329.165121401267,36445.77716132751,22043.47825193369,-6.631323114626485E7,8433.883500621603,-1372.3656522637714,2004856.1837040156,
45,-187663.24227327335,-150475.74935505458,-94820.49953664992,-2241511.948976617,1.1280166338457538E7,89820.05915489898,-186664.79433560834,482046.07588317466,
46,-2.4837729984194767E7,12164.037813244624,13647.125307861901,-83244.36740445839,7.99505260809864E8,-603.7336983584191,23783.208066695937,469916.27973643766,
47,-1.4991669048021907E8,-126.61772143679903,-161049.38945891152,-1280130.713825472,6.512705316995451E8,-204433.3372173999,-17118.085467562465,-209331.85178124515,
48,-77750.46553055116,223729.56457800054,116829.5737501195,-1311487.800669445,5.464417472449696E7,158073.9073095443,651.4940768835116,-388686.35045361787,
49,-1.369823704927363E8,295.72527651201756,77110.19202963133,-1696352.3785889258,-2.9851774407254033E7,-521928.57775652467,8741.519093735124,716665.641932447,
50,-3.758484459927656E7,6993.55358593523,82972.30953170994,-372709.0755369886,9.850546108383373E8,-195679.9652371297,-35566.20235584626,-412166.8144599514,
51,4.194091335302556E7,1461883.7576068037,-129902.87755134064,-744389.7365342537,-1.0746547352645893E8,61825.02679598221,20610.983010178774,-171322.353650768,
52,-1.9469819415843648E8,533.5620420432662,10788.99530076408,-1073030.6052781036,-2.7140502188508505E8,3708700.60207807,1.4198118841841355E7,-275127.2354804809,
53,-3.948350272739767E7,-3736.6097653988973,78826.02898866686,171353.86812579175,-2.190398176420553E8,3.0427444848567087E7,3626833.9070734056,144591.1261003738,
54,-2292907.919389582,-59047.06712283338,49436.19563379661,-20613.50607447526,-2.6642863647316468E8,1031841.5767444734,1268.8076131701584,-188947.24373150629,
55,-7414898.294844316,115.23415826390233,62220.979170252904,85292.75131572949,3.1426532077643454E8,-399706.46686712187,-38380.561507082115,47000.96569270674,
56,1580.1462434291448,-1241.4908783566339,-3254.3268143412624,218.99920793455368,80667.710098149,-1493.6636837071737,5639.1444238117,-11012.060469697979,
57,3.445162734782234E7,391.964478388177,-2175285.5331730796,2.0307665821096204E7,2.9373682242066646E9,2.3408113726644132E8,10760.15047143591,-3070797.4390832605,
58,-2.7210901401159495E8,-1068.1545516442447,21.995017306790544,-10062.807920375319,-4.761769343328534E7,55822.63717243996,7144.521831883727,187004.63617054783,
59,8825253.20337924,-952.2623644429927,1500.4131769164205,631095.6817564487,-8.14363863924722E8,-3218370.8056756505,116858.25278335337,260048.811686737,
60,8024257.246343353,389318.15216909716,-3587.788290105783,48650.298350686106,1.3128442074469362E8,-1524.9888161528447,38300.695277603605,-162449.25895131327,
61,-7.467411181639081E7,0.0,71187.6376328587,-1014043.8263990066,8.753053514130229E7,42786.88114430036,-359458.02357987245,652926.0009702045,
62,-2.989381457098504E8,-828.1260681137593,7682.4139777512055,62514.01675914853,-1.3020714998908947E8,1519.7388298579028,305.9017082488334,-127052.45331982567,
63,3.2966333419518996E7,-551.7466274270259,753.4076033346716,-1091989.0415953025,6.455921974587042E8,-3649.6808720161134,21823.975977364556,-206878.66185419253,
64,-6585580.255923519,-1596.5248701805629,-11844.002154026015,-6250.882122379872,1.0184720523906266E7,-3237.96633560426,-2296.259903486241,8989.021121817312,
65,-5.5173371368303716E7,-9001934.469492298,-12494.786275491715,-84589.75704305567,-1.0276920586298864E9,-149072.42444314834,6609.702721779495,-172132.3731850582,
66,-206527.1096954604,-2919990.7766877855,1.0210994672622127E7,189044.54997268558,2.008506219398286E7,-8.462877739794207E7,2006844.6696348074,124443.3938373028,
67,1.6898108464483485E7,18500.823857601936,-7645.032846126734,-507976.21794460306,2.866855057485144E8,-1.9756710250622466E7,-940444.7008811544,-502495.7910765958,
68,2.3431133220948588E7,-5888.9721637724,7213.341303749323,8916.273083138098,-3.9464567427828E7,203.1797712232741,-1385.7623959508066,-3556.1397933976637,
69,-5.772886886533852E8,0.0,-1.1835341107706325E7,-5065355.124829191,-1.287316144832744E9,-2.3970523436586222E8,6.1368079018748224E7,1.5934840098137653E8,
70,7413975.29675318,11507.16725569353,32260.299189288013,-11034.748225594072,1369265.3241983745,3719.813718042638,20222.989404223903,31326.178217693872,
71,1.3990142891805343E7,2551915.973647961,39150.921604915755,-356707.9046388702,2.3850888819294788E7,-271354.639913558,-65658.8511670416,1.0380269000519415E7,
72,-2756150.907205846,-4611.642279463021,-4497.009038202985,34891.83320763551,-1.2777115079371324E8,-1318.7411120877096,7667.030119591073,121345.62136462035,
73,2394538.967405319,1661.8809798099524,1093.6014887295323,94791.53403733282,5526539.703890683,1788.3943181681348,177.15823909048888,-41237.13859597603,
74,-7.364383229210639E7,3000522.919220038,7.506432012201157E7,-2.9257972018888694E8,4.255355053384837E8,-1.3981322833574595E7,-1.646550083837854E7,4.770829194724223E7,
75,-468507.72368947614,91368.166736055,-4340584.81009515,-4.779369226295257E8,1.0676706201708704E7,317555.3043473406,-2.578042747720777E8,-9.172942452494259E8,
76,1.5119418896812472E8,591.0593135271329,63548.347893356055,-409908.24682841776,3.9178347340741974E8,-2839.538495529039,121915.31102707083,4248863.489124641,
77,3043582.1965464577,720679.6627702769,-68040.77147451656,114361.53009900784,2.669284027568582E7,3207.7169999611015,-4524.078996884517,258448.6876406639,
78,-2281071.5035490724,260.1316709429872,21348.22954288161,-198026.82242748555,-6.873104038948686E8,-2938439.3781413483,6643.775438291291,-377729.00126505847,
79,56651.35722609717,8111.177687303162,59419.864439853445,1009061.4062531403,-2295856.3996331138,2288.9185144372345,-43625.736433418206,1.528646073730215E7,
80,-6.160600583073114E7,-568.2320531287161,-89371.23440121571,2635412.549498893,2.743789204201668E8,-196357.75660400372,-26989.69542189967,-8879.565604578313,
81,19914.640122113255,1030.9325611717127,-106345.08128662036,-154477.60820660397,3154854.997261624,-1439.3227839480192,67718.79091124267,220912.06425592786,
82,-9430362.029343061,-7722.855430763268,138684.45004896945,9366.414634513614,1.9901528455358678E8,3256.086792904204,202487.05330044622,1450514.086609071,
83,-3.369812967924762E8,479.8926327786163,1625.5918823539726,43872.06574206699,-4.698390146920569E8,-4510.9718007061465,18708.94703125229,-125310.36702832188,
84,-3.3195431064277476E8,1.740077295141302E7,135124.9180853462,-1.398278066540925E7,3.962838172602464E9,1.411797412540433E7,-1.4300304613423362E7,7.198673164659964E7,
85,-7.102839186351258E8,223.09772292233362,459837.48099347536,-150010.48544903472,-6.065231908643638E8,2.0109986615056418E7,1.1132671664413719E7,374989.4228055264,
86,-9115706.855988521,-38582.93462958923,-17910.050206757736,-98813.7792523197,1.598698656039156E7,-46526.50262078884,-4837.424036440042,95394.89304066029,
87,-4746583.877783552,4408620.86611197,-56440.770013958405,-464073.5653645664,-1.0855776414838428E9,-2734394.468652573,10331.063091239394,-466024.6700808011,
88,1.0442244691585393E9,8606.430722657613,5327600.474149305,2580432.3633315694,4.059285423290892E8,2.3859260178520426E8,240642.36097424422,8.907011341337846E7,
89,-2.257601202137229E8,-2.0810796905281637E7,498.94074081476987,-991058.4936341468,-4.544085792806025E8,6.074737905964506E7,-134135.98646892633,3.7075381887480915E7,
90,-4744085.6713838875,-90143.49675172256,-18311.53952914838,-163859.32970396162,-3.7368564114331174E8,-8925357.549113441,-199952.2170692988,-462025.6684168507,
91,18892.601901239595,7490.939939265547,-151227.60051826332,-19836.65275184083,-336486.2583406399,-5906.096396367607,-56294.39119242872,83913.86699632391,
92,-4.01281582629553E7,-1.1734591457462646E7,1848793.6090984899,-6.776686333791818E7,-2.9204254033804593E9,7.577988481951192E7,2.707573578806439E8,5.48014617728991E8,
93,2.1421030861556375E8,3.694532294212328E7,574388.5126047279,309671.23429255444,2.077777745496051E9,894910.0539256614,12520.46086918017,1.1322609647362277E7,
94,-338100.64527803013,2969.6835929506537,20.32470925641809,-13626.55444552992,100218.89669541988,-2539.9283439858705,45728.40474009703,-17277.285440474432,
95,1.4088971290364927E8,2.4542299891171393E8,1396518.578711668,435125.7144439642,-1.8630899630672362E8,494099.9932804521,2794836.0148426574,55309.32513631621,
96,-1.6005029485198297E7,-459067.7183436632,32100.60243152562,-545413.8431336525,1.372310120221637E9,-1159806.095769709,17825.947067054694,-113911.52102833732,
97,2.736846616429279E7,4688.512825654565,141710.37032460034,-83517.5393786698,1.254451638014798E9,-21562.04209909154,14027.794956168482,1161849.728755668,
98,3.4936732056427196E7,408698.1704672515,197654.5695383748,-289979.72299478255,-1.8433357763394418E9,-4.32841014473781E7,2260300.780814635,-2496277.8871377953,
99,-2.1587890504822947E7,-1268.528545242961,57479.792826223784,39127.41271536836,-9431890.553877775,-207165.95263081483,599.759723727554,-84388.05916914427,
100,-2.118467650006721E8,3030257.1940519307,-1.242702386223673E7,-1.6298347091170248E8,1.8215235015477768E8,1.7291849215128615E7,6343106.162343891,-1.6723286412941095E8,
101,3.3636232296728E7,3875.3046453556963,-4298.585344790188,1203.94801080044,1.386059453589789E8,1313.457670528343,-1458.7009315184337,2901.27633745398,
102,-961332.8130004894,1201938.0552942532,-8268.272625276992,-380325.27013825893,1.167387101949857E8,5208.737216613921,69268.24292192739,117137.50198502,
103,45394.91720370219,3890.6576421813097,-98972.91475887498,299831.4095509134,954958.1121725274,-2068.542279838336,97334.23595944361,-14957.558386687868,
104,3948929.349920257,62495.67560029263,9905864.72737245,3.4018760967365503E8,3.116771308882821E7,4039.1055746395255,-1.5557167663848512E7,-3.0531801379972917E8,
105,-1.7894236020095818E7,148132.24052406283,11633.122901310866,-434207.7815434938,-5.599559353880206E7,-43677.82084961726,205.03585475263708,-1450.3791381203685,
106,8.588648686969408E7,-1339775.6849482441,-38741.47900204512,-245806.1058329165,4.307087165464945E7,925.4334027927307,75542.54182001139,414068.7439641177,
107,-6.953895888234214E7,1972200.6525690842,-293.4155209600941,-60390.301944407096,5.0286384515314266E7,48908.918998742425,1333.5651215959742,147509.3570822806,
108,-1.5452305320483169E7,-5682.009756311978,26032.587528682565,-2.5661701813224792E7,-1.0221470206532153E8,-6.501204040916133E8,10605.864150974683,1411749.9260730746,
109,-2079752.4483854224,16934.79490642223,6953.584488937743,2246.5210950412634,5.3105881920547046E7,-2003.9570014692044,3231.908040286744,-111512.02332077877,
110,-1.3157306969259055E8,36803.27643311559,-102060.55663699121,-702664.2315737711,4372233.591900885,-98172.99794317938,-9929.211371052506,-538219.8728416368,
111,-8.822256789462005E8,2.7243756368371677E7,2945730.9286614056,7.35274320894362E7,-5.178956417451191E9,1.8706938195411339E9,1.4714693704787817E7,1.1066807813223386E9,
112,-2.7294023314378615E7,5691475.773111122,-5646.879988932384,-10000.082223543286,-8.790111657988691E8,239764.34741227137,725.0946964833402,-137011.1557521169,
113,4.538329630997768E7,-7615.679150209011,-32246.74036238686,725126.5429277712,-5.5856846153154925E7,43112.67631234679,-33989.950957025685,3175080.248727867,
114,4.2611938427960706E8,3.797804560369735E7,-377368.66822596,1487281.6209173347,4.462022327409109E7,1.700286234634611E7,-2018622.0345111536,3477660.8188289055,
115,-2.0743039899390525E8,-1.0680644160949402E8,6669.701168874304,-665571.0401489187,5.142713181300465E7,-23938.440576491914,-2116.348465650872,-158003.6613325607,
116,1.100045832796774E7,37319.19582731543,1.6559907878571885E7,-1.6362008404095137E7,1.5381005882253312E7,-27104.386478619916,5.195350863426793E7,-8.364436033311886E8,
117,1.0140413846056265E8,1129816.1982190886,52510.209479753954,-170919.6591022023,7.706581810568534E7,-926232.5604534991,-9580.555235026803,1540580.188245538,
118,-9195715.469034795,154.0182472099293,-3815.5599257699487,13011.684820738214,7785325.4968149355,-2038.2446351380672,16388.848578272897,-108985.73440388599,
119,9.874382195645544E7,6.577714000925785E7,117359.30077533485,-1308836.5943653965,-2.9872938639876264E8,447.20908039361433,25827.709125512178,48298.75070532353,
120,3.727982516787732E7,117.26608813645566,-51545.75850522094,-4893.933111664689,-2.3243245673532724E7,-1443.9149207295286,-16707.35281522838,112045.54945068146,
121,2.567559247747481E7,-155.44768869675113,30278.666164385613,87705.06703066906,1.0064695997347166E8,-1619.8419513089814,-12036.373026385607,351775.7964782991,
122,-1.8263848393262163E7,-734221.8621973504,324671.7024931811,6.8885881582641E7,2.8480472466707706E8,2.9841278343464166E8,858689.092260743,7.263210685865054E8,
123,2.796113227916222E8,587.2622775293071,-1.4033160837491462E9,-8.817551025415835E8,-5.0294220592704326E7,-1.374733886109662E8,8.88058762542565E8,2.193599446171366E9,
124,8.685333802676396E7,3357899.7431384213,-1791.891070723963,1099472.0194951692,3.100264186824864E8,4165652.987501563,1041890.5429325788,-316950.1897632943,
125,3.5647622379822895E7,-3.8695683771836424E8,-184456.32773053212,1969884.203901368,405936.1331353725,2.6586247721221376E7,-856971.6896415604,-2857421.619586847,
126,6332473.219364297,-322.39772435771084,22128.76588312057,-27124.14743401742,-3.625897212493815E7,-7494883.148747757,-169761.486290558,-36356.34436198495,
127,346850.0804937781,847.5043631941915,-111861.98386626305,366987.12786323467,1301965.318635078,-8407.725559785327,231935.9983355606,137887.00846458433,
128,9.926717020761248E7,-796.0328101243934,182881.1731743761,-797805.5733131751,-1.9119668339608762E8,1.2431952499090202E7,-284082.4548654116,1538624.3404550613,
129,2.236367853982432E8,-6907.4651917463625,-877818.0071584577,-6111245.250490388,-2.91947338991516E8,-1.2563690703708744E7,3498883.8431026833,2.5862086162359893E7,
130,-7.609097356847527E8,2446.60713800351,27313.030395089674,1250306.5354660188,8.609742136531723E8,45274.726154804186,29895.73664519287,-694206.6891172563,
131,-8.764638327056997E7,-41314.61992329618,-5291.278274149479,594281.8951211432,-1.6277901040779153E8,-8592.143384029281,20057.137569514212,-28769.14971437762,
132,-4503772.45082483,-10304.265373708207,9112.289070157407,-14281.255784568522,1.0331056051837842E8,31926.55381113902,46014.501835104384,471220.4026154136,
133,1.274616954986488E7,-436.0241954757121,2094.0202494086166,-14405.392760392277,5.944696892846871E7,-14060.654040835012,10169.267392126329,440991.80171136034,
134,7.322971006098042E7,-1103981.6698813867,-13336.26685443615,-3107118.4938072087,-1.1545150467692504E7,162128.2436978325,65277.35983782203,1.81719956994226E7,
135,-41502.46079258345,-51806.400770562956,-454174.5057838722,38747.72156939568,576642.7727501597,-18196.442623639803,45202.619007040164,176558.33871792175,
136,-41502.46079258345,-51806.400770562956,-454174.5057838722,38747.72156939568,576642.7727501597,-18196.442623639803,45202.619007040164,176558.33871792175,
137,326671.9946763864,57868.30838041488,3909.384609454552,254873.96043728493,2603463.154220663,-6313.399441988069,46733.12149410658,120965.49962733616,
138,3.9639278400638354E8,-1.4355992354185918E7,7313665.154346974,-9355991.752014745,-5.653791017832029E7,2.0368966765494645E8,1914807.7958206667,-272348.10808066226,
139,-2.272769579252401E8,-2766.6326652060798,-522.348784891241,7757.011592581397,6.473216748726008E8,122.62426180479027,4353.27235582318,108018.26068426413,
140,3.002783942165601E8,-196.39692806585995,9185.197722031495,445632.00356366986,1.3172700287479821E8,-2.0692182243588838E8,-66718.57943661933,9132981.452051735,
141,145991.08277917714,-38275.03607533179,214545.69121427464,202298.43652013582,-3536006.8235830404,-26620.82902976223,10433.810583328532,118059.95226321688,
142,-7.306869486781362E8,668.6605596801971,-56049.87453042931,-135667.0932804094,1.6545280787729986E9,1982440.1161885334,950037.470374929,8153328.473834677,
143,-69111.60322491816,221670.27203160958,-25995.660157776743,-114609.85651211649,-432040.9350865318,62.56117583248852,-1006.9984335929155,122722.39929052969,
144,17559.98476875566,2915.0069130146667,-286687.6212911606,1963.684554402118,157107.57290521648,-3500.097690633422,-498187.2120979715,-4639.558263508837,
145,2.1351121635940254E7,4193.405321494003,14438.239713090923,4446.871960591205,4.050357427774689E7,-17066.15267036265,48914.06683066321,605630.2468074303,
146,1.4305292682834417E8,-769.5284856115841,22969.5922121166,43128.70666276937,-1.8895284130210122E8,-1244.5749227504482,-4885.741646214419,286788.31274332246,
147,-24928.69042603131,255.78400149118488,-3889.2134704927334,38551.69632128211,7.11565816554306E7,-5556.6760186352885,12176.348466945237,240869.82247527305,
148,2.287606553946062E7,-114220.79790864108,61998.36470666945,127025.34076508766,2.9605859849704605E8,-10193.961742292011,44122.31809351874,-93618.55849758707,
149,1.7732898791085467E7,-29420.939116841786,-35870.91980397573,4872231.491358547,-3.844615311480305E8,249959.5180735091,-15932.36506078604,6328942.2680382505,
150,423452.58652929525,-6877.394261787576,-13337.450556873151,-54356.92381774249,1715516.7815664094,1792.7639833960152,-168698.5535802469,35750.260101771964,
151,-2.0136386567044623E9,8027674.734636572,-5215731.866973136,3.1880788318689194E7,-3.3439356521427363E8,-6.042676762075788E8,3783694.206432244,9621970.775701664,
152,6.221609820751991E7,-9984466.552699182,50177.33517737759,1842225.8577655111,-9.607081367471826E7,9700931.27653828,-5463.812735887734,-1719196.795579863,
153,3.1344207429844163E7,19769.409009857918,44275.769886662,-124054.50626870089,5.852585687858496E8,-13785.617928618667,6092.689965986622,-332239.8032819631,
154,-1813771.129197389,-1.1589590239799865E7,100562.78727070766,2.066544274627798E7,-652271.398134342,5477.965382791038,3537.126928284383,583759.2518792865,
155,1.391754964392495E8,-1.7513180058211748E7,25184.759428791807,1334531.3270827418,1.0152412325117308E8,2.089046352220484E7,-25922.544896621745,1175200.4163643555,
156,1.391754964392495E8,-1.7513180058211748E7,25184.759428791807,1334531.3270827418,1.0152412325117308E8,2.089046352220484E7,-25922.544896621745,1175200.4163643555,
157,-1.20329049905534E7,373.67316547356813,-346.61377362781843,-305656.7417003761,-4.0103407250180095E7,3054215.4060329283,-25068.500603523553,736706.0096225617,
158,8.17014207451706E7,936.3902403557271,40167.087458402864,-165046.23839330842,2.4801371250412855E8,-1999153.362622079,21179.726025552907,-166041.26260832784,
159,-122273.25801924609,-32.962069614916516,-3189.7770688379146,-44454.10750367434,2586371.7137142248,-2704.9102520883444,11656.95968195281,94358.00062149025,
160,-2.8015130190189614E9,957920.4480786275,592.4389785223664,-231932.53809247867,1.9876891288499802E8,2012.8751401723878,1671.6423776594015,-307671.64319299476,
161,-1.4674677658765778E8,-4286071.459444921,421476.44091836154,-1927169.4843796142,-2.831589948628337E9,433794.49003472034,-63688.99179058117,1957271.4854697138,
162,7.246918923565301E8,4488.578698949012,-830805.5587970855,1212905.7050338965,3.382488484888218E8,1.6327367672948965E8,-1894303.440541147,898184.369161211,
163,-1.545618221995722E8,1877.1663151761697,303365.9154619945,-775093.4888528413,4.12217518696551E8,25607.554355740067,-67148.53691875373,589238.5680476978,
164,2450.871275036817,-31796.455105171623,132537.7387438186,-11271.429615761552,-265691.83267903817,3253.4481187399747,4358971.59480184,124727.63064213913,
165,-1.9904407195563197E7,-27692.5857578452,11661.863832657857,4162.910034263254,-1.041632105289049E7,723.3367171491484,362.35799025850395,-15558.56411338054,
166,-1.4802093336655877E9,3.6053523793489546E7,57194.17590800627,-113998.4537478488,-3.679305250817975E8,1.0656413568069614E7,35221.863443957256,4.505908814013348E7,
167,-1.0921445923441373E7,-78122.96275804684,-3613.361346467906,4409.47785524569,1.540952381704915E8,-1125.7511206654142,4636.123012897158,18046.254389830337,
168,-1.0921445923441373E7,-78122.96275804684,-3613.361346467906,4409.47785524569,1.540952381704915E8,-1125.7511206654142,4636.123012897158,18046.254389830337,
169,7.985071564964361E7,602175.0417654398,175711.11999588337,-1.0474021057693733E7,8.920026429169366E8,377221.4412538879,190496.98260964494,2508216.9748955024,
170,-1198.042473411172,301.5973449988081,3997.557111221342,-29214.21442943929,318402.5393856962,-3963.3142164682176,6541.414658517728,-21130.24333223163,
171,-469376.50418978994,11151.968266646509,-9780.203251000396,-103800.81188497173,-740966.0792225761,-416.65184085391087,4943.370384903397,21320.071972540034,
172,2.9238660418320004E7,-2.120630498532836E7,346571.63802522386,5913523.740337133,-8.200950088899165E8,-3.164826171124417E8,-7307.96177690175,-1.0729116684254639E7,
173,8.28490776558485E8,-137.6785708287822,9253.808685535621,272740.7143782774,-2.8143785420435333E8,-173270.20538336775,-5768.11612940419,2288576.652844631,
174,-81695.45065380677,-8661.717695822686,-17723.312093383334,-21379.755601032655,38936.79024377297,-8405.273935127549,-1146.1972909031201,10469.275623375644,
175,4748034.651650164,256271.9054776964,-3978.517948098256,15598.29928717986,-1.2541263617095621E7,-4052.4999263380782,-2443.497359091562,-402505.56800389476,
176,-3.100629973516682E9,1.2521822353035346E7,-332983.46482934826,-575091.0294036728,-2.898780248067196E8,5.25465903373197E7,346539.24624508165,3.0118505802039966E7,
177,130708.24962030299,-11833.001342349588,-22992.487381868697,110864.83295342655,5082708.536551944,3502.035623726537,-18660.405014840242,-251736.27757160555,
178,211562.28218631557,-2552.6991269586542,-267408.6157465032,20659.35584567329,-1284757.1980237316,-2921.0025788395715,769855.7563867257,-103372.79447953179,
179,-1.2857758312175932E9,-1.2636798898126025E8,4106515.401862766,-7.070663154373254E7,1.9948261747867998E7,-6.980961838390072E7,2.8350514283682898E7,2.4481496533111382E8,
180,3.3226444269273347E8,-1.2974954462281108E7,6286.823228368213,-399882.2107113171,6.023101827501269E7,-16638.957902755268,-622.4459017633208,480784.25169393583,
181,-3.4612131085169035E8,2082.114243803775,9017363.665943911,1.7054695567526456E7,1.2648452687141386E8,-1.571011567161615E7,-3.741678331193345E7,1.7164618949042365E8,
182,511543.6974168378,21017.80898301251,2291.6934615296564,2008.6105080604536,-108276.52429542672,693.6071975930618,-109766.97106415287,-10349.285009766729,
183,170633.50507814338,-9567.7180370476,-965.1872914716985,-37695.11754597058,370100.4332725722,955.1738957238931,-11859.277646163617,9810.201111594719,
184,-8.262162684254293E7,521499.3451512017,-101827.79894359704,-341321.83526740427,-2.995325003317643E8,98491.01081812376,-4413.378650342955,569545.0453772931,
185,-2.0833849182012218E8,6.039440134246764E8,-122663.8436322866,331933.45709368435,7.419498221900688E7,1.212878242023628E8,70118.57449778405,-1248126.3133005626,
186,-2838043.6697552083,-34165.83225643233,26075.859583199603,68616.9811572347,6727829.251835717,521.3159864963874,-28383.904989526858,224300.6086846582,
187,-9.723256617512448E7,-1.7260333925536814E8,3195496.5481698285,-194011.98499587766,-4.1003108408937435E9,1.8597133725201055E7,-3283745.8780998625,1277601.877612633,
188,2.724414431094056E8,-103018.16676098434,-2989.015090606514,-293165.4796975098,-6.195961005188184E7,-10333.525452127447,315.7959082448058,282530.41714278545,
189,-3.0222147314217087E7,2.261061344703709E7,3370248.215722459,280166.2450359206,-2584061.6812756225,3.184688325300132E8,504072.9051934203,-25314.553880425177,
190,-8.60293485908353E7,383.5302024927174,-14605.481378110968,-302846.6075688137,-1.3275199359309852E9,1.5735860973716393E7,-1312.2035695544992,619381.9379333889,
191,-2.560700434905418E8,1676981.6939925428,-75862.68064572861,-1154022.9255160838,1.689625885663847E7,-341378.80333193875,-1278091.5907317705,-173037.6422004832,
192,-1.0852148039244363E8,2140.2174039880338,-31.356829084430228,-19388.55591895642,5.060183395325541E8,-2118.890110012496,12305.216724903981,-431770.47695778654,
193,-5.154590953867309E7,3992396.3687153477,92019.81192430745,-272221.3679480546,5.541981347154226E7,1.4117500688263804E7,-101443.84071357382,-2819316.781121125,
194,-1.9523541766751297E7,72386.28335285379,31820.847939789855,951180.1004958531,-1145099.1305556619,-25882.787473063607,-16304.814970857124,-749048.9387424727,
195,291804.7000801525,1619300.4211514012,-89.4058267395622,-96285.78181670126,1.0384131548447812E8,49655.54347452687,8060.973570330659,-664082.6676430808,
196,501968.548618067,4588.9706727729235,1522.2116419681367,2024188.9499585116,468417.3847873722,4924.188509427849,-20.180031543816085,-555774.1508764157,
197,4748034.651650164,256271.9054776964,-3978.517948098256,15598.29928717986,-1.2541263617095621E7,-4052.4999263380782,-2443.497359091562,-402505.56800389476,
198,-2.747059371697694E8,-4758844.703419919,394979.7675223815,-1.2716701103572702E7,1.103642855389241E9,-4.372753859049551E7,-74188.3250175027,8.096489518533534E7,
199,-1329411.2484329937,-326223.48374913324,-6262.098636715407,51903.86333929514,393232.0211234307,7454.992009810614,54573.50663676657,254122.95539814286,
200,-76905.3333574351,-7733.392664644172,-39025.80521349183,50300.26277600264,5.458757970182948E7,20771.482452807435,-17471.690594524163,775129.8281229588,
201,539936.5859608838,1671768.6152645382,1867.2876200315875,2749024.247520318,-2.488593691995037E9,269954.87227663497,3907.921454888075,-528545.8990610306,
202,2060452.5413513687,217.74409777881738,34423.81006446268,80546.10379783274,-3.46239657332771E9,3.1132012596061874E7,-163988.8433767153,2074922.8070364986,
203,2.179830718828604E8,-1.8951166368167102E7,-266546.0266009742,1.1641065543819107E7,3.3353209048227584E8,3.2897885630975824E7,-61183.709459958925,-2.0856674165208783E7,
204,-515309.47778232704,2935.527764472473,34291.91820782792,40453.37775104382,1.5818267166078506E7,-6127.001248361055,-8725.638844140853,-5192.908649059105,
205,-2437527.898037166,368315.37216546887,5.177568611980069E7,5.512660943097491E8,3.1978991319302195E8,292780.97679149034,2.103875598488518E8,4.651540536500597E9,
206,-1698058.6438448187,-232010.10793566724,19816.128636906924,-613247.302245499,2.2447389494909782E7,-173098.878363467,-2451.0497734972405,952116.6535647702,
207,-7329.918721354587,-676.8603933953849,3190.501416862744,17688.90725341704,-80196.26879453307,-9085.423568738344,-54150.796706092064,-20.450435955514564,
208,-4.69612388775677E8,1927578.65906829,-883133.800373475,-338338.4104362013,-1.036929849072291E8,3.397601757407157E7,2147967.0800180524,-4710463.632963751,
209,-4.171807906738669E7,176.59469419241304,583.1181130406969,-114457.66238623977,9.886579691765083E7,3137.730856196281,6016.471723580412,-240545.7344531393,
210,3.2932711423625957E7,22245.751142247183,138933.86362810922,-126513.56345785671,7.088779484280035E7,235603.03673387776,244559.6335148831,3019821.775109231,
211,9.24924320779097E7,0.0,-3304126.881757261,4.9856958765984726E8,5.557091927639575E8,2.001606170604461E8,6.797767024382259E8,2.938886418944544E8,
212,-8.240170432269041E7,2634893.653386402,-66575.43472787102,-4659956.460298338,-1.3483571627991787E8,-1.3349979135631628E7,22446.486470131924,7438694.489776804,
213,-9.355797400414654E8,9647768.666552907,45470.75920088419,1183039.6560764336,-9.728625211782019E7,-2.5890781315086078E7,125753.97322645814,579668.8078813424,
214,-3.613392814299904E8,3.7001400387127924E8,-108883.19504295521,2828214.4363446916,-1.4157323120103269E9,-2.304496125063518E7,-4874.614404446119,2.6648609737369876E7,
215,8.081586422587237E7,42833.73666048263,183088.8674308233,-355651.48942008667,2.799776495224147E8,-188151.0936988967,-594.9146664484795,1136116.589473244,
216,6.843160626614745E7,-1.2695716081495032E8,8260466.903998474,5.499186660341303E7,-1.5150055204065607E9,1.3382922889263225E8,3.325217954840778E7,6.686781551909584E8,
217,9.488373835586052E7,-4281.048071445672,1005057.1376580296,70583.38271332538,-2.335203837362754E9,4.747993381096141E7,-1262476.4724312155,3.0812564159158837E7,
218,2028.906172383523,156.97037081451222,-2250.3302014000537,-47355.508141893566,-569226.4980032949,15113.227453402855,-853195.0229188753,115480.42520430559,
219,2028.906172383523,156.97037081451222,-2250.3302014000537,-47355.508141893566,-569226.4980032949,15113.227453402855,-853195.0229188753,115480.42520430559,
220,5.319128129047866E7,-37416.39143532476,-2.60605728868632E7,3565916.71812683,2.5549088218794626E8,-1.882412424295625E8,-897126.0695314979,-766519.5756538117,
221,-384248.1140728702,7782.663071343153,2608.9404876841163,-374342.04952305293,-599173.1981950855,2067.7068293926072,-12294.228441636307,182851.37634093515,
222,690376.2470770171,11631.166996223126,18422.700022246543,-76445.12011412819,1671329.5424476278,269383.693181109,9287.516885441793,2528623.173343411,
223,-2.7599263261705536E7,-6358060.813054733,43700.880945621335,16531.526444842046,-8523927.043426499,1632.202409131654,3538.2735852924193,42012.10896402079,
224,121080.77066994342,851.1938827270696,-92726.32226674064,-67055.54052775753,1000611.890886712,-3207.556081431529,1085.9503357168833,56076.435007380365,
225,-8.83764870862712E8,-1.3751711209021485E8,8968.10648636146,3336652.091437034,6.272236379275035E9,-1.7364015985148035E7,-248004.18706329406,6.375638108585919E7,
226,-1.7633036306636654E7,3715.7349145424637,-60703.601992970354,-3579457.1652267673,-1.8901483077141178E8,-786403.2987704772,18312.89271013474,2.103768944628799E7,
227,-3281044.9577981643,-55200.33594341782,-2977.1975108010256,102247.47693800303,-1.3040995185575199E8,-2332.4872525297174,-3719.01447955719,4.095342078376873E7,
228,-1.1649662196804997E7,-6.282815762482007E7,-493433.11270057,1.5647177404137244E7,9.538580500460804E7,7461872.29479514,5.92180213268317E7,2.405051769933912E8,
229,-2.4717919649514955E8,5.0747710665310234E7,3540478.479442651,-3569104.9329572194,6.342153901139041E8,4.99596832795933E8,-241412.60282108022,1.2516453865332615E7,
230,1.6142088605921853E7,-8577.23588259806,17589.43213484846,1138049.2634714593,-2.6802953853300616E8,523.8711814209767,-73819.96381355572,1511812.9891703683,
231,1039836.2958058064,-185.26629737684667,31905.650580253787,-28787.571751673073,3687819.312414596,1203.9495929334432,148355.79936036293,-190620.94788860405,
232,114459.32247700663,-380.74306707546293,15708.815823355977,23450.881236222747,2.6145501090633046E7,736.4029913645429,14913.558878848255,480545.27688903344,
233,2.786673565026616E8,-67862.7435603057,30972.674218115128,-774245.578592008,3.823315946473914E8,236559.66929796198,50977.35553266182,-145548.2187935064,
234,-3.711685266693003E7,77431.69973802642,5891.009285857242,-314712.4579236731,1.1161905917050467E9,-15749.341194974628,-9854.85093503056,280095.5144574828,
235,4.027322488374047E7,-1.5807451295483692E7,4753.023249596983,-794686.0429787168,1.4542466688053727E8,2.5721483444382712E7,-14040.730974221657,-2553322.0109767066,
236,1.2877846571424257E7,-119867.2528659894,2726.07698524214,-203335.63624435695,3.983335288040643E7,-250244.83466949113,-52765.938396277146,-1740841.9480533008,
237,6.1857241258418284E7,-1575551.2403975837,-21831.91400001423,-30854.511057228057,2.3385076502608187E7,1.1076699638884224E7,71358.0883298046,-212274.9972855272,
238,-4614.968993844944,323843.3176876502,2776706.997356286,-666421.8400152718,-132937.15801991333,-6197.1293489732125,-5956.917170551829,204409.2353581817,
239,-1368439.812154324,-1871.4429550660416,-6189.369990610653,5414.041803519502,2.233711540080272E7,-13337.71341137915,-28567.725771679146,190836.3582112648,
240,-2.0731562406962153E7,2189821.6017960478,10849.90079111161,607475.7500767767,1.9262503224956357E8,-14955.355292087683,11459.872587470412,1.61686952437596E7,
241,-250068.22047884055,-19151.47651891014,3726.161291329732,-79141.15892199862,481495.05259356624,3626.0899410645743,27658.212568600924,120506.2997722191,
242,5.207001740372115E7,378000.5389531435,-28787.541598095904,418364.34753306326,-1.6164940427583447E8,1.4693139026486855E7,-219161.48293549006,319890.9768034087,
243,7.770808301348712E7,1.4485562545634836E7,-79810.17920592263,-2.8991833862635884E7,-3.023436741239987E8,348557.6827631504,837780.9457736798,2.4528835320425075E8,
244,-1.2890093242472091E8,7.805690550259963E7,-368751.7190193628,5450828.210317374,2.832169930123213E8,7.877546998604217E7,-55107.07913925214,1015992.9894645655,
245,-6795898.299309236,62691.35578973202,-4.709626723723451E7,5.066153360409449E7,-5.733322114602585E7,-7966114.41205118,8.396165469656334E8,-1.6429428997301454E7,
246,7.829944598435035E7,0.0,-43944.35588342207,1.89069058909402E7,-2.0568684127826622E8,1.3293019197981101E8,-7422.931731748722,-496976.17645933473,
247,-2.556430044656285E8,1.0923948446986878E7,400.9301164556103,2412.1490143810097,1.7024847390116706E8,1335.6455870280392,-2351.0173460687442,10375.667744318405,
248,-2.556430044656285E8,1.0923948446986878E7,400.9301164556103,2412.1490143810097,1.7024847390116706E8,1335.6455870280392,-2351.0173460687442,10375.667744318405,
249,250257.26253280725,52.0368243179081,-11130.366500027523,252729.91697311308,1.0283117195217133E7,-14599.749891597949,20605.99844837027,1020843.7735054555,
250,5.9884075607113905E7,-1.357560386008339E8,-26034.952373692002,-1552597.6625861055,-2.952066784138519E8,2.37898893242426E7,8126.28833348512,601501.2535720887,
251,2182419.6225668923,-61105.81067047894,-1565.575792055582,-266822.3862177374,2.6523313800246358E8,224921.18875703253,-110980.22613378167,2184282.2784651387,
252,-9007574.624609677,-394566.1936226935,-2.3497663372786784E8,-2.056511268820383E7,-4.400987799708001E7,256011.14424486624,-2.376807263962097E7,-1.4610475018902044E9,
253,-6969409.460728825,-410923.2593825378,7.99238664687964E7,-6.378746115175806E7,-1.109564754580325E7,493638.43154278887,9826626.692996727,-1.3044746526825054E9,
254,2.9470476623674583E7,-927976.9758887675,-66575.05878363027,-3406077.5918702674,3.593528507478304E8,1.2481059858198049E7,-375091.8558585127,6016841.704569211,
255,4.607288487408964E7,-13062.701148375141,-51594.58474853194,3736240.223947955,8866042.132634882,-15968.463282945968,-3804382.7686763746,3978257.62535377,
256,4.607288487408964E7,-13062.701148375141,-51594.58474853194,3736240.223947955,8866042.132634882,-15968.463282945968,-3804382.7686763746,3978257.62535377,
257,200418.57740591027,-466897.37031638983,245152.75730331652,-1464871.789951072,3.227633778173183E7,46006.79275068291,-10739.491304247835,62580.30029726591,
258,-3.9401306915757143E8,-278178.6329335244,26456.524984481257,-396552.8617845905,3.605627225499027E7,9591.841788332327,-7173.772005429526,-90194.11129810655,
259,-6997767.173241941,7800345.446222678,-5.87180088310584E7,110958.8963195798,9917412.984560912,9.371860729827535E8,-233443.06028472772,-3.672152954462317E7,
260,-3.7648563084688045E7,1.694010583262892E8,-1129822.7328788927,3310161.7519355766,-1.6777417441796295E7,3.69662129508213E8,-706777.8087132294,-1531149.3312028772,
261,2171716.166448703,-3698.8532592905426,-1917.9093040486468,10666.180381399729,1.9533038954732344E7,2036.1488580547498,11760.161705752937,94595.5801708927,
262,-1.0445718725168096E7,-568119.7099721199,545.5326319416477,71753.61406768375,1.8280693677008626E8,-11670.082256180443,18007.55513328861,513272.1919592756,
263,5.92226207010897E7,790356.8733910355,-24640.094596866526,270200.414835146,-6.5801239680955164E7,-2.890763454218134E7,125834.85848191734,990672.8761974643,
264,-2903406.4224249204,111.71926824891864,-47180.942674276695,-218178.0978884128,-1424950.2817234162,-1154.2765815634807,-67915.45726820407,238640.3566031533,
265,1.0989844762493655E7,-3227.849002962073,-996.2341473801562,-52056.63855650601,4316193.98716826,-1805.0112209775234,12297.256512083408,-211877.2416891843,
266,-180381.90358476894,-50759.551038652964,6145.954996296736,229023.95017101942,-490648.71561939584,10029.086256845483,110533.70027018068,-29412.798299565795,
267,1193352.4007318849,17038.10689895643,3172.1060981416713,-51708.75211271827,-5111669.380513604,3805.3534720734206,-6052.409524546005,183729.16690589147,
268,5051.760718596473,238.92536800606632,-410.09501319650985,4316.259998186159,14512.210048188059,-162.50573966623656,-1897.8810963697956,-2516212.601738859,
269,-4673078.391770451,451.0856507741929,7346.729841079229,-34288.75764978848,-1.580752037521974E8,6285.505127040126,1329.0295569557024,127190.53347247551,
270,106461.09584356404,5078.258615298005,-419996.92031079205,-4675.980508454562,838272.4427124077,-3432.3204913568925,-9301.457394713121,-25132.507702104605,
271,2.230984438874876E8,-1.7339747845373467E7,2.218674074274049E7,-5.274565784181222E8,-1.2305030877227855E9,-4.6793088453860873E8,2.49349168921372E8,3.117291470411304E8,
272,2.1488256315572828E8,3.919309350177245E8,607055.8367401194,-1.133294806449549E7,5.329226215303198E7,-9741311.429964498,69319.2426588102,1.0749820291585723E7,
273,-2.170690672335447E8,2.3090439340129858E8,2220.8835655969306,4950786.766408851,-3.445120880039868E8,-5.594025193096838E7,-43439.68692176424,-4070361.3372913045,
274,-8.975052065946077E8,825.7341771670037,69008.91999075816,1796257.4974452294,9.540879049564019E7,-569269.6482994083,-37234.52495369813,-4030248.769762653,
275,18495.925306049816,-660.3873481720782,-8991.094509649482,325907.28580707253,-2.4029178803594522E7,-1079.100407647457,-10164.005496599286,-3896004.3676392445,
276,334786.699162444,-500.01510320181126,12373.346618574195,-3980.243245962428,2.6720598508324377E7,-2370.373206959712,-10778.980365402693,21998.892294969624,
277,334786.699162444,-500.01510320181126,12373.346618574195,-3980.243245962428,2.6720598508324377E7,-2370.373206959712,-10778.980365402693,21998.892294969624,
278,-1.2169695126017635E9,-1718.4131245986705,327288.35667324567,-5095886.576199558,2.400038651607089E9,1.527459717080078E9,693687.0448638592,1.6626891380114665E7,
279,-1.3037251403098998E9,1293.7042889856675,29230.09346248878,-839914.144916415,5.548106148682039E8,-1491473.3231878506,-54301.40866854477,1001327.2062940575,
280,-3.968743824442545E7,1.5053667877317823E7,1361.43246671624,-306037.1833771519,-1.1795371235470327E7,-7537.891780254229,-6198.954125787878,-546608.9677818958,
281,2.400969124885063E7,-3156.6804105745746,586766.4212300278,-1874495.5955657347,60249.449543111725,-5022798.867926011,-331571.2368136939,1910890.4609271148,
282,-9.095262609008177E7,-11881.054047008269,-9649.67523117702,-356983.07566936617,-1.829691275577558E8,-1342532.316279069,21322.55665297503,5049856.295344726,
283,-2.0185355808922343E7,1.8178322903669573E7,-6.421861685158126E7,-1.2869503574223866E8,6.294443473872888E8,-2754946.8044127612,1.7921093629241338E8,2.702222532548873E8,
284,50386.437659237235,-4443.330867599836,-207.01198542502587,2581.2911818642287,14558.173956215665,-2780.6887723601744,-41256.776089679064,-3513.596298686164,
285,-5.810768372700685E7,8.253205659768853E7,3171789.4604442823,-5.161006358869187E7,-1.8658760849266976E8,1.8474286888410223E9,-1648633.2414430694,1.0047533397559726E8,
286,-4.258348567755413E8,-7700.317699685315,16437.398808804315,-18016.66847471462,-7.093095948563371E8,-14109.739594618277,13836.174181875955,-241159.66459508796,
287,1.0018124217337129E8,-6125.960738136133,-706.2717648451141,-239029.49888362235,-3.2476910452534795E8,1480917.8409857214,17878.33019821449,64.72069379142955,
288,-2.01860320071305E7,32.27501656045333,51749.70951391769,-3296.298108312328,1.2340198125230521E8,131340.62431601153,67601.77280483625,119517.9040283328,
289,-1888013.860670088,609055.2035241057,-12208.120695073212,-58371.124493080526,2.2808190781156272E8,-39476.467514176715,118410.75832834748,-346701.6799327241,
290,-1.1655260063515022E8,-8602.524308167016,255894.32902117123,-177838.36112137642,-1.0804827723457155E9,-402680.0464292932,19049.685010865025,3633418.3799549243,
291,1.084571907480274E7,3996114.382660487,18470.440970631265,21016.713088059274,2.828650356204065E8,1.534906839946137E7,50721.30503812429,1.9617542502875123E7,
292,-1.5232728211647112E7,-1.8691672382048935E7,592.8242277148931,-133032.07056188027,-1.706055830833549E8,164437.08594614963,-796.2858627420048,24542.873173248816,
293,6870986.833958659,5547.206918829728,235.2129067900986,13495.57022318164,-1.118925505798567E8,3565.609548569501,-6329.184677100539,-13846.660231544307,
294,-5.1556745879079506E7,915.0991069521095,11562.168993191934,1777.9586393664706,1.5448983715573385E8,71447.50665412552,45519.16853998346,-123557.2802855673,
295,-4.3401877173759353E8,-1.1528015697000971E8,-259571.21939098512,4622018.550484207,-6.824447231854843E7,-1.1846981429018442E7,6502.372048281283,-6564436.327840621,
296,-10213.008376276683,3528.5585956503096,-35444.649472968274,-402174.74060784705,6073.8459812555275,-4768.2209191366965,-1519.4958860963075,144944.11234142724,
297,-47586.53650569837,2670.836347748283,-5023.003797798727,-3807.0411574014884,6352.425377473078,2041.0298772992069,4627.324359220054,-7875.406876361854,
298,-1.9908724310969147E8,-1.2093957598383051E8,-15607.638713850281,724536.4316446356,5.3522727874621904E8,5.958531595999088E7,-328075.06458734703,1.4828439047056127E7,
299,-1.3846213293704724E9,1.1849916861909753E7,-1419901.9874055088,4.491217005215503E7,1.6461139401253483E8,3.104673940732961E8,1.6294420876193821E7,7.992503222504284E8,
300,-8.198276125617468E8,6782.229605141622,18010.704525577257,-223996.66771345906,-3.22934665399805E7,2745668.8341596164,1139931.6078012572,269939.3420130614,
301,-3.8720115170333065E7,-416387.9325794163,-8518.227468212861,121411.3253307701,1.2703853594533792E7,387637.35480479436,11755.013932668862,1039.5997740642563,
302,2.403508193619275E8,1.7302969345692698E7,5864.316418548261,2281584.031016812,2.5411953995723084E7,1.8554885798362203E7,-1364889.6864064618,-775545.6636620217,
303,2.680027907692044E8,3951419.7924310146,53788.29522451622,2.3861591956333987E7,-2.1391875439377196E7,1.7383196611144766E7,21913.98887347288,-1977955.7480967636,
304,1.4631542762765806E7,1.2821430792466444E8,15142.580485110837,2039081.3616500206,2.0567638686086813E8,-2.341331216465291E7,-184.2023217066603,-1627898.5554637485,
305,-8.280949389056394E7,8542.315714880262,-961.13212127622,-16925.888195460582,4.287742505771116E8,619.9610407014159,142.24738351539355,-731858.4955672207,
306,-1.7148930441081905E8,0.0,-25367.155402344924,32806.82805052577,1.495081137403863E9,-18524.118002078005,-5425.121342570453,-141918.27931407202,
307,1.5153703718463216E9,-322.06632088769004,28691.235945942713,-197122.49770067722,1.0268137355122428E8,680626.88481793,25969.43143770534,4087297.026585736,
308,284304.69511982426,-1294.665297044937,233823.4735747751,26267.56385595493,-596915.5712165923,-6925.1951871051715,-91902.78409673594,19140.35211516002,
309,284304.69511982426,-1294.665297044937,233823.4735747751,26267.56385595493,-596915.5712165923,-6925.1951871051715,-91902.78409673594,19140.35211516002,
310,-6686876.808064112,894912.7702216592,24471.08584255651,-1.0788386969250664E7,9124312.58415776,-1418165.2739516492,-216353.18816504136,-2.857641172870897E8,
311,-1.387139767944897E8,-4724.541879744259,-15054.654136103592,-2155.9404982373635,-3.4571776506856126E8,-2340.264034419206,-2521.922629127314,-126196.13823744844,
312,696353.456514798,155616.61525400713,32458.64837803551,-6070.893006529865,4.585797029153196E7,2773572.0409649285,7490.687643600894,1335812.7597814302,
313,1.043787080325148E8,-7.348162488743183E7,48621.30864900768,-34809.74470189151,2.7864165407083154E9,3.2850451591985572E7,-37378.09073129627,7758537.778951551,
314,-1615.315631635526,82334.831740054,891467.4481844351,-4566913.743339773,50738.54957363853,-29941.264115225455,20782.04520305158,-1220850.4102033244,
315,2.5507047727287114E8,1768424.394837244,150936.5931551515,-147032.33559095213,1.185642765070172E9,358391.799451634,15516.17547616713,21312.85157584963,
316,2.4439249254711154E8,10520.513194874211,-1193.701353474789,62830.243254251836,-5.846922669721526E8,291284.98045987566,8814.180260005252,654207.309042633,
317,6.584689713093563E7,-1.1263572602263774E8,-33831.628876878516,-3894498.7126079574,1.390834193087923E8,5.3342799469165957E8,-288301.7445365791,439748.3493003234,
318,-1.5341275209627435E8,2.2680008550933662E8,63556.832595168155,-8685528.404214378,1.0253402796181214E8,3.414130804568328E8,-11057.431949709948,-1.2483597521912334E7,
319,7091963.70309403,17.573468642661936,-1142.562017590695,435212.9052936968,1.5026533632346844E7,1467.2767258679614,3484.5812522642595,6576.172209716642,
320,-855012.5703348209,0.0,-8282.038310118836,-4147.844148453338,1.6902218012351316E8,-2233.1416093503217,-2955.81978585699,67036.97177671552,
321,3.085265212259956E8,0.0,520.6547137985812,-183278.49688362997,2.090522147026066E8,3.696469057745687E7,369186.0931519524,-203749.14355607564,
322,3.085265212259956E8,0.0,520.6547137985812,-183278.49688362997,2.090522147026066E8,3.696469057745687E7,369186.0931519524,-203749.14355607564,
323,-6.56888403786757E8,2618296.8178806715,200566.14409950664,46321.40618883336,-7.148772694000476E9,5.022292234840818E7,-1282787.9299570103,4.187468223817841E7,
324,-4105021.424843909,46454.660847632025,-2.8032680073064245E7,-3.6371184476598346E8,-5.5916389136372946E7,48104.3296408536,-5.82102631815292E7,-3.598952972528877E8,
325,-4.113629691687775E9,9089105.492944939,5.1450363387786694E7,2.1684161152384356E8,-3.5197148974368668E9,-6.853477827149829E8,-5.912300274942931E7,3.6215683183545077E8,
326,554147.4715043725,5124.3918183596015,-751721.8377653017,371552.3074862244,-3671055.372963866,-907.3293693117666,-76239.02812248765,-125882.07111659157,
327,4.7664433883946724E7,370.45636822184144,-38.5452001679721,75963.93349410241,-8.946713585358381E8,6.229453105561581E8,-1986332.5909189286,1.1122860833299132E7,
328,-6.495296285797439E7,-32215.912145078986,-1838599.2205606813,-5114170.044517775,-3.131487720641365E8,2.509172027967451E7,-1980073.2440687767,8.260950182254215E7,
329,8.891696556710191E7,-9855.789828821196,297406.5695622486,-1015990.1293505182,5.988524938282307E8,3500809.387523037,-20007.89393987214,1228676.5073321678,
330,-1.7058643320970993E9,2110095.523426893,30173.081295822023,-2275816.1757994294,5.888076278467331E8,-29997.45176387465,6824.359768422225,-21562.232308300518,
331,-1.845773726119347E8,755.3016933762297,6770089.855291372,-3.976599307603409E8,1.514024083076311E8,7.699161630533734E7,3.009225385395476E7,3.007751283480458E9,
332,1.9396231102754384E8,178.85020717131823,7272.99873406294,115983.15136039059,7.76240060750367E8,-1829.6678005900806,5039.866272653796,-671641.1094670402,
333,-82111.43131329937,-3169.547368096605,-10581.42786088101,258955.1591755995,4.045894043741445E7,179.37046367089988,-43844.730874993125,471770.6415567981,
334,-190196.5706611605,1816.573887844545,-21512.15698374031,-145257.46032059536,-289199.2215989857,-1928.2487745533315,-968.8661626213805,87865.25904822862,
335,-2.6129902760117795E7,-3134.089816018166,-1325.8038986842353,1913.451734354634,4.1676370475745565E8,-2704.5149303415287,-35897.20928264981,75765.90534625224,
336,1.2109448296984683E8,-6.5274302308033526E7,29421.22334317244,201082.7305534808,-5.410911337177438E9,1.9914085036300145E7,-32333.564979178474,1.5904317185761105E7,
337,-3288569.484926969,-549.1060752121034,-76366.98158734947,14860.435247730184,1.1823615488025581E7,-2531.8652644105396,-10205.035118403153,77795.54468769552,
338,-3288569.484926969,-549.1060752121034,-76366.98158734947,14860.435247730184,1.1823615488025581E7,-2531.8652644105396,-10205.035118403153,77795.54468769552,
339,-1.6133623999395313E9,1132338.2543814476,-9935.195005059853,-982695.6536850762,-5.210501745060874E9,4121921.965693142,230913.7433147378,3.44973439508789E7,
340,-8124054.738649996,3205.9702701698075,110968.0466982182,-19651.280240657292,1.4201330035263845E8,-47003.46818889758,-35208.54981126312,589826.6115628912,
341,-3522051.800886039,9.033280202345015E7,61255.45351908544,-2.4565467722717002E7,-4.402676702042038E9,-7175283.33480921,-131939.1221794944,6.045223331481128E7,
342,-1.8769716823493898E8,38.62373365315911,171221.95412291156,-318235.61998385604,5.9065451039978705E7,886823.3173039567,790.5415104769484,501167.28853115253,
343,3.944876406264841E8,16626.654797232357,2.996098063138151E7,-5.2435964338992074E7,4.223308190001427E7,8778138.556565689,2.1029076656264734E7,-4.810045492518416E8,
344,1.9140727123384607E8,2.364778292065003E8,-87761.5364905959,1908545.7941093748,1.3291138553584034E9,-287399.87429986754,-51848.126189781215,-3601287.094925499,
345,728775.1350495949,8172.813435467337,164963.18529380238,219978.6100342003,917936.4799417473,138122.94107369715,37536.09002929257,54246.53451558228,
346,-2.9702502896464422E7,63165.63679118232,-1833.5442653208054,-412510.7566877868,2.6166915728468555E8,8325.844982099075,26579.879692479193,-929702.1958751577,
347,-2.87829548025179E8,-278217.09036826284,81002.88130992673,-2971622.2851758013,1.0835561230229066E8,-453863.7239251935,260902.73366783618,-1650929.4379000727,
348,-1.1468601595594425E8,1637600.7904579092,144853.4950702713,-518063.1430614618,-1.2532361182534308E9,7936067.215687683,-4073.855963957136,-1320834.0434009077,
349,-1.8756189520520225E7,-8.473815549478877E8,-30612.396896517108,-181861.3835788107,3411677.4520538934,1.656238005263073E7,525.4143535784651,-8585.35548931813,
350,1.1526826934739713E7,38199.74148568054,65010.948976256506,60539.90846109539,4.457533049817403E7,214369.5316108354,-8906.53238941983,1390949.5872520993,
351,5.844276062726892E7,-45486.175274296795,-34096.046310272526,116187.72281603863,6.453831096932893E9,-6401.902632144448,8057.970560399034,-288326.7197676369,
352,-2.8598882357682246E8,-445595.78131060087,3325.319221880894,-17097.610104696934,3.4079501848043464E7,-37115.766500401776,6421.685123375031,-527430.2851016254,
353,-9.324633530523178E7,6410429.294451559,1635206.140672934,1082202.4291530228,-1.0456680285701593E9,7.2665423147899E7,472936.18757203576,2.723961924337625E8,
354,283192.13330714055,-87667.07450013557,-7416.788586976186,469847.77500286873,2.796654006724092E7,-12059.753518754931,-54926.83506201109,650870.9926910306,
355,283192.13330714055,-87667.07450013557,-7416.788586976186,469847.77500286873,2.796654006724092E7,-12059.753518754931,-54926.83506201109,650870.9926910306,
356,2.3727108143746278E8,-518.5839241367285,-4661642.797020571,-1.8812518952090725E7,-5.3202606795671475E8,-1.5384979269961627E7,1348665.285724018,1.0391279644712023E7,
357,575474.69816244,132.451663217297,7628.065973651214,8200.744474725296,-6.2431419534022205E7,-2567.147548274589,-4377.26336270447,-46626.826657537335,
358,575474.69816244,132.451663217297,7628.065973651214,8200.744474725296,-6.2431419534022205E7,-2567.147548274589,-4377.26336270447,-46626.826657537335,
359,1.2219003579377118E8,-2.8172903665033005E7,1.5744514368320413E7,-2.6936712858736914E7,-3.1367688507850194E9,2.172364037575409E7,9896488.742905926,9.375438048389786E8,
360,-2.5572584365160763E8,-9.37707161853027E7,31933.26655285606,-158324.5323030182,1.4356654819792023E8,177677.58591383256,7161.92961375955,-169881.92077064293,
361,-8.160030555447859E7,0.0,-1071.6900271415086,-13224.30268752934,470104.073104582,-1048.5576473719752,-16508.38471958036,104343.20514500121,
362,-3.502092202052219E8,-5.315784044679684E7,754496.0836322255,-48948.637887384626,-2.1406164006607246E9,1.324300364589322E8,-2193657.7005725517,2.3259297402641624E7,
363,-8.656311503771232E8,-6834251.870829033,-536294.0609665649,6.428630877730527E7,6.843779410819528E9,9147194.255917676,219469.15308808922,4.63618401828107E7,
364,2.405918055913917E8,-2808531.267138317,1358269.825336242,1.712602383039279E7,-262836.5432312923,1.1069769729978752E8,-3536930.1773295244,1.5779071640428536E7,
365,15917.286925929642,1009.6071409547574,-13813.082368034424,-6392.658687768533,298749.22824313067,-6268.043694717273,-5091.323341875177,17449.92147391241,
366,-4260739.9331636615,0.0,284305.7897515206,-867643.5979021672,1.0526903232526854E8,494053.18213665334,8302.188682265978,363110.509350499,
367,-4.946967807431878E7,2929494.592196755,12021.081747649081,2352.0918385230093,6.564055249078639E7,1268.2803555442388,3288.924066524741,-311009.9385266585,
368,-5148381.65167327,2.322182304058321E7,-4550.7823057678515,-13035.498093808708,8.23079691786225E8,-41856.42542779816,16907.885200379205,542588.1139543932,
369,-8.503452035006858E7,5731498.802022522,169316.14980296884,-365725.7586675612,5.8489224998167425E7,-744599.3890088912,35460.27149555224,10364.041906543489,
370,1.4365079333121326E7,-2.8868562025793906E7,220549.23178445816,-216043.3584328692,7.091580009800978E8,2575894.269446259,48524.14135946707,246972.81524930033,
371,184881.1816599708,-20248.074697484248,350051.96359841916,588670.0622646393,-259810.27587631776,8005.879708247739,284496.3529521847,-246465.83169687947,
372,1.069116769116066E8,2.4651106258192438E8,-4394154.933756802,-3.0620363242891353E8,-5.022203566162584E8,7147872.029267726,2.6417200499534076E8,5.510313314675548E8,
373,-3.3186915912648637E7,51407.597407564266,-13650.08813811384,-2463696.948651007,7865839.775477032,-301617.81390377047,4973538.192662077,2226495.9919568663,
374,5.558011951118301E8,-1.08780176683059E8,53799.53717363932,365255.1290904833,3.054104056843548E9,7158753.334740467,18858.1012336847,1520834.777747856,
375,2.8697052867015886E8,0.0,-60922.17673606747,-810157.6945836586,1.4723361206827648E9,1538110.179461941,-37597.51569189406,3053027.606879351,
376,-1.0355950283175096E8,1.5519489385869235E8,47520.94718608255,-1607907.337347784,-6.479098755245734E8,1574638.1831721878,40125.330175005816,-2052851.5186204044,
377,256110.812295129,-506.7023042363855,-204036.44707304184,33595.74564709959,1100961.9095270713,-11743.426168515145,-38114.03502792012,-10419.867988689983,
378,-7.840064969137488E7,-7755.867053451084,-153589.15524602472,3599778.9049956053,2.629428260933793E8,-2.6249835677890565E7,-2503758.598097497,-188029.48620945626,
379,9974115.543224238,-1.1408305673451316E7,291249.9207342328,-61342.205030651574,-2.1266634822840434E8,-1.790977578723746E7,-8612.80615438426,309755.62494528235,
380,-8.058804992588343E7,5.542751765773701E7,-13018.737676740035,640021.8791500018,-1.3750831866939292E9,1737819.6928703126,25340.003308647087,-1219065.8931418157,
381,-8050515.093486041,-1278405.7103158638,307583.5078209844,5.390573223064817E7,8.204669774332649E7,2467418.0586986206,5888983.103537994,2.1126932375841236E8,
382,1059612.766553927,-12450.764811071887,125301.11438065367,395669.1114338101,7106298.227533817,56347.13065752756,47766.49893175482,697309.7366595019,
383,-1.0004096791207504E7,12312.369623132661,-62480.59624588527,-113951.52757042987,-6.813759150663317E8,15275.077391549985,-49258.522136302745,117981.09833148721,
384,-765206.3222215418,-271.35502746512026,147152.45274551876,-132671.15588511608,-6.768757237787542E8,649196.9083161424,5223.235124414932,-423851.9227758955,
385,8338.672018969957,23342.141458873506,-72384.39146120705,-10639.513135655976,-4207.456180483369,-12490.608245333202,430482.0799430628,13064.786196032705,
386,-6.036819290285703E8,-9.706374846523136E7,1684350.0551323832,3.2575673552552227E7,-1.5000966512582552E9,-3.893959360803854E8,3208684.9393568416,1.4907389340561306E8,
387,-4.5908785759524755E7,6.919382283594428E7,267374.38849719864,699407.9849261083,3.530951077106011E7,-7.741317683322364E7,-1303086.1183974734,6773105.153336619,
388,-4.5908785759524755E7,6.919382283594428E7,267374.38849719864,699407.9849261083,3.530951077106011E7,-7.741317683322364E7,-1303086.1183974734,6773105.153336619,
389,-5.674530577435914E8,-346.3146013076401,23739.856941890266,-1011289.029295387,8.038323960896872E7,9588371.550699173,41701.34305492611,-261537.95136500683,
390,-1.0279193584102173E9,-1.805677309378817E8,-36816.40924867976,1092599.319180735,-1.3016958536028693E9,-570788.191985196,-754531.6304781464,1.2438344164476091E7,
391,2.252425352194475E7,-1150.4883773423385,372408.6825442776,-438834.77891596727,5.1116079156803393E8,1175877.9878696713,83461.00469710535,4267567.042888843,
392,3728.351099044394,-4340.516544575281,513588.2532620787,112554.98840514426,1.9611630181893002E7,2299.278465223527,-18683.243249118455,129384.87134220144,
393,3728.351099044394,-4340.516544575281,513588.2532620787,112554.98840514426,1.9611630181893002E7,2299.278465223527,-18683.243249118455,129384.87134220144,
394,43704.669712608666,-153492.8679415378,-8565.910695773677,-8723.772790220732,-84625.04398223461,9606.568417304072,3944749.708568233,-70310.80480731017,
395,5.809550016038264E7,4986239.2360781105,-44916.383882864255,4.035080404874163E7,1.4980189402784908E8,-5.390733616027103E7,-548049.7986270437,2.4386778073340264E8,
396,-2.191063949848024E9,-5262006.800838289,-6066363.858120665,-1.6346683699647166E7,3.4078220566097474E8,4.154350140526438E8,-3.334378612622433E7,1.6731210358480006E8,
397,1708177.2751626312,-4634.652618016564,6601.028988153653,24758.343813241223,2831886.2622889,35270.64064365484,93909.0346528494,-212730.63865466666,
398,9.148630853775544E7,7.110442702081281E7,299950.0752085177,-5.4337216378791824E7,-6.245227656785568E8,-1.9239393261478478E8,-896.4273337653005,7043409.898913666,
399,-2.03192564788735E8,-1.2591977767317382E8,-12736.843143497566,200800.81334759216,-5.500853456157656E8,5.240620028808448E7,-285146.87904279475,5923389.744097079,
400,1286464.7360491585,-876.0183850264599,4286.93951081794,52631.203232375534,-1.633672857224965E9,167964.91709615508,8703.27256195846,-43853.032711210064,